FILE NAME,FORMAT,SIZE,URL
COVID 1,PNG,256*256,https://sirm.org/category/senza-categoria/covid-19/
COVID 2,PNG,256*256,https://sirm.org/category/senza-categoria/covid-19/
COVID 3,PNG,256*256,https://sirm.org/category/senza-categoria/covid-19/
COVID 4,PNG,256*256,https://sirm.org/category/senza-categoria/covid-19/
COVID 5,PNG,256*256,https://sirm.org/category/senza-categoria/covid-19/
COVID 6,PNG,256*256,https://sirm.org/category/senza-categoria/covid-19/
COVID 7,PNG,256*256,https://sirm.org/category/senza-categoria/covid-19/
COVID 8,PNG,256*256,https://sirm.org/category/senza-categoria/covid-19/
COVID 9,PNG,256*256,https://sirm.org/category/senza-categoria/covid-19/
COVID 10,PNG,256*256,https://sirm.org/category/senza-categoria/covid-19/
COVID 11,PNG,256*256,https://sirm.org/category/senza-categoria/covid-19/
COVID 12,PNG,256*256,https://sirm.org/category/senza-categoria/covid-19/
COVID 13,PNG,256*256,https://sirm.org/category/senza-categoria/covid-19/
COVID 14,PNG,256*256,https://sirm.org/category/senza-categoria/covid-19/
COVID 15,PNG,256*256,https://sirm.org/category/senza-categoria/covid-19/
COVID 16,PNG,256*256,https://sirm.org/category/senza-categoria/covid-19/
COVID 17,PNG,256*256,https://sirm.org/category/senza-categoria/covid-19/
COVID 18,PNG,256*256,https://sirm.org/category/senza-categoria/covid-19/
COVID 19,PNG,256*256,https://sirm.org/category/senza-categoria/covid-19/
COVID 20,PNG,256*256,https://sirm.org/category/senza-categoria/covid-19/
COVID 21,PNG,256*256,https://sirm.org/category/senza-categoria/covid-19/
COVID 22,PNG,256*256,https://sirm.org/category/senza-categoria/covid-19/
COVID 23,PNG,256*256,https://sirm.org/category/senza-categoria/covid-19/
COVID 24,PNG,256*256,https://sirm.org/category/senza-categoria/covid-19/
COVID 25,PNG,256*256,https://sirm.org/category/senza-categoria/covid-19/
COVID 26,PNG,256*256,https://sirm.org/category/senza-categoria/covid-19/
COVID 27,PNG,256*256,https://sirm.org/category/senza-categoria/covid-19/
COVID 28,PNG,256*256,https://sirm.org/category/senza-categoria/covid-19/
COVID 29,PNG,256*256,https://sirm.org/category/senza-categoria/covid-19/
COVID 30,PNG,256*256,https://sirm.org/category/senza-categoria/covid-19/
COVID 31,PNG,256*256,https://sirm.org/category/senza-categoria/covid-19/
COVID 32,PNG,256*256,https://sirm.org/category/senza-categoria/covid-19/
COVID 33,PNG,256*256,https://sirm.org/category/senza-categoria/covid-19/
COVID 34,PNG,256*256,https://sirm.org/category/senza-categoria/covid-19/
COVID 35,PNG,256*256,https://sirm.org/category/senza-categoria/covid-19/
COVID 36,PNG,256*256,https://sirm.org/category/senza-categoria/covid-19/
COVID 37,PNG,256*256,https://sirm.org/category/senza-categoria/covid-19/
COVID 38,PNG,256*256,https://sirm.org/category/senza-categoria/covid-19/
COVID 39,PNG,256*256,https://sirm.org/category/senza-categoria/covid-19/
COVID 40,PNG,256*256,https://sirm.org/category/senza-categoria/covid-19/
COVID 41,PNG,256*256,https://sirm.org/category/senza-categoria/covid-19/
COVID 42,PNG,256*256,https://sirm.org/category/senza-categoria/covid-19/
COVID 43,PNG,256*256,https://sirm.org/category/senza-categoria/covid-19/
COVID 44,PNG,256*256,https://sirm.org/category/senza-categoria/covid-19/
COVID 45,PNG,256*256,https://sirm.org/category/senza-categoria/covid-19/
COVID 46,PNG,256*256,https://sirm.org/category/senza-categoria/covid-19/
COVID 47,PNG,256*256,https://sirm.org/category/senza-categoria/covid-19/
COVID 48,PNG,256*256,https://sirm.org/category/senza-categoria/covid-19/
COVID 49,PNG,256*256,https://sirm.org/category/senza-categoria/covid-19/
COVID 50,PNG,256*256,https://sirm.org/category/senza-categoria/covid-19/
COVID 51,PNG,256*256,https://sirm.org/category/senza-categoria/covid-19/
COVID 52,PNG,256*256,https://sirm.org/category/senza-categoria/covid-19/
COVID 53,PNG,256*256,https://sirm.org/category/senza-categoria/covid-19/
COVID 54,PNG,256*256,https://sirm.org/category/senza-categoria/covid-19/
COVID 55,PNG,256*256,https://sirm.org/category/senza-categoria/covid-19/
COVID 56,PNG,256*256,https://sirm.org/category/senza-categoria/covid-19/
COVID 57,PNG,256*256,https://sirm.org/category/senza-categoria/covid-19/
COVID 58,PNG,256*256,https://sirm.org/category/senza-categoria/covid-19/
COVID 59,PNG,256*256,https://sirm.org/category/senza-categoria/covid-19/
COVID 60,PNG,256*256,https://sirm.org/category/senza-categoria/covid-19/
COVID 61,PNG,256*256,https://sirm.org/category/senza-categoria/covid-19/
COVID 62,PNG,256*256,https://sirm.org/category/senza-categoria/covid-19/
COVID 63,PNG,256*256,https://sirm.org/category/senza-categoria/covid-19/
COVID 64,PNG,256*256,https://sirm.org/category/senza-categoria/covid-19/
COVID 65,PNG,256*256,https://sirm.org/category/senza-categoria/covid-19/
COVID 66,PNG,256*256,https://sirm.org/category/senza-categoria/covid-19/
COVID 67,PNG,256*256,https://sirm.org/category/senza-categoria/covid-19/
COVID 68,PNG,256*256,https://sirm.org/category/senza-categoria/covid-19/
COVID 69,PNG,256*256,https://sirm.org/category/senza-categoria/covid-19/
COVID 70,PNG,256*256,https://sirm.org/category/senza-categoria/covid-19/
COVID 71,PNG,256*256,https://sirm.org/category/senza-categoria/covid-19/
COVID 72,PNG,256*256,https://sirm.org/category/senza-categoria/covid-19/
COVID 73,PNG,256*256,https://sirm.org/category/senza-categoria/covid-19/
COVID 74,PNG,256*256,https://sirm.org/category/senza-categoria/covid-19/
COVID 75,PNG,256*256,https://sirm.org/category/senza-categoria/covid-19/
COVID 76,PNG,256*256,https://sirm.org/category/senza-categoria/covid-19/
COVID 77,PNG,256*256,https://sirm.org/category/senza-categoria/covid-19/
COVID 78,PNG,256*256,https://sirm.org/category/senza-categoria/covid-19/
COVID 79,PNG,256*256,https://sirm.org/category/senza-categoria/covid-19/
COVID 80,PNG,256*256,https://sirm.org/category/senza-categoria/covid-19/
COVID 81,PNG,256*256,https://sirm.org/category/senza-categoria/covid-19/
COVID 82,PNG,256*256,https://sirm.org/category/senza-categoria/covid-19/
COVID 83,PNG,256*256,https://sirm.org/category/senza-categoria/covid-19/
COVID 84,PNG,256*256,https://sirm.org/category/senza-categoria/covid-19/
COVID 85,PNG,256*256,https://sirm.org/category/senza-categoria/covid-19/
COVID 86,PNG,256*256,https://sirm.org/category/senza-categoria/covid-19/
COVID 87,PNG,256*256,https://sirm.org/category/senza-categoria/covid-19/
COVID 88,PNG,256*256,https://sirm.org/category/senza-categoria/covid-19/
COVID 89,PNG,256*256,https://sirm.org/category/senza-categoria/covid-19/
COVID 90,PNG,256*256,https://sirm.org/category/senza-categoria/covid-19/
COVID 91,PNG,256*256,https://sirm.org/category/senza-categoria/covid-19/
COVID 92,PNG,256*256,https://sirm.org/category/senza-categoria/covid-19/
COVID 93,PNG,256*256,https://sirm.org/category/senza-categoria/covid-19/
COVID 94,PNG,256*256,https://sirm.org/category/senza-categoria/covid-19/
COVID 95,PNG,256*256,https://sirm.org/category/senza-categoria/covid-19/
COVID 96,PNG,256*256,https://sirm.org/category/senza-categoria/covid-19/
COVID 97,PNG,256*256,https://sirm.org/category/senza-categoria/covid-19/
COVID 98,PNG,256*256,https://sirm.org/category/senza-categoria/covid-19/
COVID 99,PNG,256*256,https://sirm.org/category/senza-categoria/covid-19/
COVID 100,PNG,256*256,https://sirm.org/category/senza-categoria/covid-19/
COVID 101,PNG,256*256,https://sirm.org/category/senza-categoria/covid-19/
COVID 102,PNG,256*256,https://sirm.org/category/senza-categoria/covid-19/
COVID 103,PNG,256*256,https://sirm.org/category/senza-categoria/covid-19/
COVID 104,PNG,256*256,https://sirm.org/category/senza-categoria/covid-19/
COVID 105,PNG,256*256,https://sirm.org/category/senza-categoria/covid-19/
COVID 106,PNG,256*256,https://sirm.org/category/senza-categoria/covid-19/
COVID 107,PNG,256*256,https://sirm.org/category/senza-categoria/covid-19/
COVID 108,PNG,256*256,https://sirm.org/category/senza-categoria/covid-19/
COVID 109,PNG,256*256,https://sirm.org/category/senza-categoria/covid-19/
COVID 110,PNG,256*256,https://sirm.org/category/senza-categoria/covid-19/
COVID 111,PNG,256*256,https://sirm.org/category/senza-categoria/covid-19/
COVID 112,PNG,256*256,https://sirm.org/category/senza-categoria/covid-19/
COVID 113,PNG,256*256,https://sirm.org/category/senza-categoria/covid-19/
COVID 114,PNG,256*256,https://sirm.org/category/senza-categoria/covid-19/
COVID 115,PNG,256*256,https://sirm.org/category/senza-categoria/covid-19/
COVID 116,PNG,256*256,https://sirm.org/category/senza-categoria/covid-19/
COVID 117,PNG,256*256,https://sirm.org/category/senza-categoria/covid-19/
COVID 118,PNG,256*256,https://sirm.org/category/senza-categoria/covid-19/
COVID 119,PNG,256*256,https://sirm.org/category/senza-categoria/covid-19/
COVID 120,PNG,256*256,https://github.com/ml-workgroup/covid-19-image-repository/tree/master/png
COVID 121,PNG,256*256,https://github.com/ml-workgroup/covid-19-image-repository/tree/master/png
COVID 122,PNG,256*256,https://github.com/ml-workgroup/covid-19-image-repository/tree/master/png
COVID 123,PNG,256*256,https://github.com/ml-workgroup/covid-19-image-repository/tree/master/png
COVID 124,PNG,256*256,https://github.com/ml-workgroup/covid-19-image-repository/tree/master/png
COVID 125,PNG,256*256,https://github.com/ml-workgroup/covid-19-image-repository/tree/master/png
COVID 126,PNG,256*256,https://github.com/ml-workgroup/covid-19-image-repository/tree/master/png
COVID 127,PNG,256*256,https://github.com/ml-workgroup/covid-19-image-repository/tree/master/png
COVID 128,PNG,256*256,https://github.com/ml-workgroup/covid-19-image-repository/tree/master/png
COVID 129,PNG,256*256,https://github.com/ml-workgroup/covid-19-image-repository/tree/master/png
COVID 130,PNG,256*256,https://github.com/ml-workgroup/covid-19-image-repository/tree/master/png
COVID 131,PNG,256*256,https://github.com/ml-workgroup/covid-19-image-repository/tree/master/png
COVID 132,PNG,256*256,https://github.com/ml-workgroup/covid-19-image-repository/tree/master/png
COVID 133,PNG,256*256,https://github.com/ml-workgroup/covid-19-image-repository/tree/master/png
COVID 134,PNG,256*256,https://github.com/ml-workgroup/covid-19-image-repository/tree/master/png
COVID 135,PNG,256*256,https://github.com/ml-workgroup/covid-19-image-repository/tree/master/png
COVID 136,PNG,256*256,https://github.com/ml-workgroup/covid-19-image-repository/tree/master/png
COVID 137,PNG,256*256,https://github.com/ml-workgroup/covid-19-image-repository/tree/master/png
COVID 138,PNG,256*256,https://github.com/ml-workgroup/covid-19-image-repository/tree/master/png
COVID 139,PNG,256*256,https://github.com/ml-workgroup/covid-19-image-repository/tree/master/png
COVID 140,PNG,256*256,https://github.com/ml-workgroup/covid-19-image-repository/tree/master/png
COVID 141,PNG,256*256,https://github.com/ml-workgroup/covid-19-image-repository/tree/master/png
COVID 142,PNG,256*256,https://github.com/ml-workgroup/covid-19-image-repository/tree/master/png
COVID 143,PNG,256*256,https://github.com/ml-workgroup/covid-19-image-repository/tree/master/png
COVID 144,PNG,256*256,https://github.com/ml-workgroup/covid-19-image-repository/tree/master/png
COVID 145,PNG,256*256,https://github.com/ml-workgroup/covid-19-image-repository/tree/master/png
COVID 146,PNG,256*256,https://github.com/ml-workgroup/covid-19-image-repository/tree/master/png
COVID 147,PNG,256*256,https://github.com/ml-workgroup/covid-19-image-repository/tree/master/png
COVID 148,PNG,256*256,https://github.com/ml-workgroup/covid-19-image-repository/tree/master/png
COVID 149,PNG,256*256,https://github.com/ml-workgroup/covid-19-image-repository/tree/master/png
COVID 150,PNG,256*256,https://github.com/ml-workgroup/covid-19-image-repository/tree/master/png
COVID 151,PNG,256*256,https://github.com/ml-workgroup/covid-19-image-repository/tree/master/png
COVID 152,PNG,256*256,https://github.com/ml-workgroup/covid-19-image-repository/tree/master/png
COVID 153,PNG,256*256,https://github.com/ml-workgroup/covid-19-image-repository/tree/master/png
COVID 154,PNG,256*256,https://github.com/ml-workgroup/covid-19-image-repository/tree/master/png
COVID 155,PNG,256*256,https://github.com/ml-workgroup/covid-19-image-repository/tree/master/png
COVID 156,PNG,256*256,https://github.com/ml-workgroup/covid-19-image-repository/tree/master/png
COVID 157,PNG,256*256,https://github.com/ml-workgroup/covid-19-image-repository/tree/master/png
COVID 158,PNG,256*256,https://github.com/ml-workgroup/covid-19-image-repository/tree/master/png
COVID 159,PNG,256*256,https://github.com/ml-workgroup/covid-19-image-repository/tree/master/png
COVID 160,PNG,256*256,https://github.com/ml-workgroup/covid-19-image-repository/tree/master/png
COVID 161,PNG,256*256,https://github.com/ml-workgroup/covid-19-image-repository/tree/master/png
COVID 162,PNG,256*256,https://github.com/ml-workgroup/covid-19-image-repository/tree/master/png
COVID 163,PNG,256*256,https://github.com/ml-workgroup/covid-19-image-repository/tree/master/png
COVID 164,PNG,256*256,https://github.com/ml-workgroup/covid-19-image-repository/tree/master/png
COVID 165,PNG,256*256,https://github.com/ml-workgroup/covid-19-image-repository/tree/master/png
COVID 166,PNG,256*256,https://github.com/ml-workgroup/covid-19-image-repository/tree/master/png
COVID 167,PNG,256*256,https://github.com/ml-workgroup/covid-19-image-repository/tree/master/png
COVID 168,PNG,256*256,https://github.com/ml-workgroup/covid-19-image-repository/tree/master/png
COVID 169,PNG,256*256,https://github.com/ml-workgroup/covid-19-image-repository/tree/master/png
COVID 170,PNG,256*256,https://github.com/ml-workgroup/covid-19-image-repository/tree/master/png
COVID 171,PNG,256*256,https://github.com/ml-workgroup/covid-19-image-repository/tree/master/png
COVID 172,PNG,256*256,https://github.com/ml-workgroup/covid-19-image-repository/tree/master/png
COVID 173,PNG,256*256,https://github.com/ml-workgroup/covid-19-image-repository/tree/master/png
COVID 174,PNG,256*256,https://github.com/ml-workgroup/covid-19-image-repository/tree/master/png
COVID 175,PNG,256*256,https://github.com/ml-workgroup/covid-19-image-repository/tree/master/png
COVID 176,PNG,256*256,https://github.com/ml-workgroup/covid-19-image-repository/tree/master/png
COVID 177,PNG,256*256,https://github.com/ml-workgroup/covid-19-image-repository/tree/master/png
COVID 178,PNG,256*256,https://github.com/ml-workgroup/covid-19-image-repository/tree/master/png
COVID 179,PNG,256*256,https://github.com/ml-workgroup/covid-19-image-repository/tree/master/png
COVID 180,PNG,256*256,https://github.com/ml-workgroup/covid-19-image-repository/tree/master/png
COVID 181,PNG,256*256,https://github.com/ml-workgroup/covid-19-image-repository/tree/master/png
COVID 182,PNG,256*256,https://github.com/ml-workgroup/covid-19-image-repository/tree/master/png
COVID 183,PNG,256*256,https://github.com/ml-workgroup/covid-19-image-repository/tree/master/png
COVID 184,PNG,256*256,https://github.com/ml-workgroup/covid-19-image-repository/tree/master/png
COVID 185,PNG,256*256,https://github.com/ml-workgroup/covid-19-image-repository/tree/master/png
COVID 186,PNG,256*256,https://github.com/ml-workgroup/covid-19-image-repository/tree/master/png
COVID 187,PNG,256*256,https://github.com/ml-workgroup/covid-19-image-repository/tree/master/png
COVID 188,PNG,256*256,https://github.com/ml-workgroup/covid-19-image-repository/tree/master/png
COVID 189,PNG,256*256,https://github.com/ml-workgroup/covid-19-image-repository/tree/master/png
COVID 190,PNG,256*256,https://github.com/ml-workgroup/covid-19-image-repository/tree/master/png
COVID 191,PNG,256*256,https://github.com/ml-workgroup/covid-19-image-repository/tree/master/png
COVID 192,PNG,256*256,https://github.com/ml-workgroup/covid-19-image-repository/tree/master/png
COVID 193,PNG,256*256,https://github.com/ml-workgroup/covid-19-image-repository/tree/master/png
COVID 194,PNG,256*256,https://github.com/ml-workgroup/covid-19-image-repository/tree/master/png
COVID 195,PNG,256*256,https://github.com/ml-workgroup/covid-19-image-repository/tree/master/png
COVID 196,PNG,256*256,https://github.com/ml-workgroup/covid-19-image-repository/tree/master/png
COVID 197,PNG,256*256,https://github.com/ml-workgroup/covid-19-image-repository/tree/master/png
COVID 198,PNG,256*256,https://github.com/ml-workgroup/covid-19-image-repository/tree/master/png
COVID 199,PNG,256*256,https://github.com/ml-workgroup/covid-19-image-repository/tree/master/png
COVID 200,PNG,256*256,https://github.com/ml-workgroup/covid-19-image-repository/tree/master/png
COVID 201,PNG,256*256,https://github.com/ml-workgroup/covid-19-image-repository/tree/master/png
COVID 202,PNG,256*256,https://github.com/ml-workgroup/covid-19-image-repository/tree/master/png
COVID 203,PNG,256*256,https://github.com/ml-workgroup/covid-19-image-repository/tree/master/png
COVID 204,PNG,256*256,https://github.com/ml-workgroup/covid-19-image-repository/tree/master/png
COVID 205,PNG,256*256,https://github.com/ml-workgroup/covid-19-image-repository/tree/master/png
COVID 206,PNG,256*256,https://github.com/ml-workgroup/covid-19-image-repository/tree/master/png
COVID 207,PNG,256*256,https://github.com/ml-workgroup/covid-19-image-repository/tree/master/png
COVID 208,PNG,256*256,https://github.com/ml-workgroup/covid-19-image-repository/tree/master/png
COVID 209,PNG,256*256,https://github.com/ml-workgroup/covid-19-image-repository/tree/master/png
COVID 210,PNG,256*256,https://github.com/ml-workgroup/covid-19-image-repository/tree/master/png
COVID 211,PNG,256*256,https://github.com/ml-workgroup/covid-19-image-repository/tree/master/png
COVID 212,PNG,256*256,https://github.com/ml-workgroup/covid-19-image-repository/tree/master/png
COVID 213,PNG,256*256,https://github.com/ml-workgroup/covid-19-image-repository/tree/master/png
COVID 214,PNG,256*256,https://github.com/ml-workgroup/covid-19-image-repository/tree/master/png
COVID 215,PNG,256*256,https://github.com/ml-workgroup/covid-19-image-repository/tree/master/png
COVID 216,PNG,256*256,https://github.com/ml-workgroup/covid-19-image-repository/tree/master/png
COVID 217,PNG,256*256,https://github.com/ml-workgroup/covid-19-image-repository/tree/master/png
COVID 218,PNG,256*256,https://github.com/ml-workgroup/covid-19-image-repository/tree/master/png
COVID 219,PNG,256*256,https://github.com/ml-workgroup/covid-19-image-repository/tree/master/png
COVID 220,PNG,256*256,https://github.com/ml-workgroup/covid-19-image-repository/tree/master/png
COVID 221,PNG,256*256,https://github.com/ml-workgroup/covid-19-image-repository/tree/master/png
COVID 222,PNG,256*256,https://github.com/ml-workgroup/covid-19-image-repository/tree/master/png
COVID 223,PNG,256*256,https://github.com/ml-workgroup/covid-19-image-repository/tree/master/png
COVID 224,PNG,256*256,https://github.com/ml-workgroup/covid-19-image-repository/tree/master/png
COVID 225,PNG,256*256,https://github.com/ml-workgroup/covid-19-image-repository/tree/master/png
COVID 226,PNG,256*256,https://github.com/ml-workgroup/covid-19-image-repository/tree/master/png
COVID 227,PNG,256*256,https://github.com/ml-workgroup/covid-19-image-repository/tree/master/png
COVID 228,PNG,256*256,https://github.com/ml-workgroup/covid-19-image-repository/tree/master/png
COVID 229,PNG,256*256,https://github.com/ml-workgroup/covid-19-image-repository/tree/master/png
COVID 230,PNG,256*256,https://github.com/ml-workgroup/covid-19-image-repository/tree/master/png
COVID 231,PNG,256*256,https://github.com/ml-workgroup/covid-19-image-repository/tree/master/png
COVID 232,PNG,256*256,https://github.com/ml-workgroup/covid-19-image-repository/tree/master/png
COVID 233,PNG,256*256,https://github.com/ml-workgroup/covid-19-image-repository/tree/master/png
COVID 234,PNG,256*256,https://github.com/ml-workgroup/covid-19-image-repository/tree/master/png
COVID 235,PNG,256*256,https://github.com/ml-workgroup/covid-19-image-repository/tree/master/png
COVID 236,PNG,256*256,https://github.com/ml-workgroup/covid-19-image-repository/tree/master/png
COVID 237,PNG,256*256,https://github.com/ml-workgroup/covid-19-image-repository/tree/master/png
COVID 238,PNG,256*256,https://github.com/ml-workgroup/covid-19-image-repository/tree/master/png
COVID 239,PNG,256*256,https://github.com/ml-workgroup/covid-19-image-repository/tree/master/png
COVID 240,PNG,256*256,https://github.com/ml-workgroup/covid-19-image-repository/tree/master/png
COVID 241,PNG,256*256,https://github.com/ml-workgroup/covid-19-image-repository/tree/master/png
COVID 242,PNG,256*256,https://github.com/ml-workgroup/covid-19-image-repository/tree/master/png
COVID 243,PNG,256*256,https://github.com/ml-workgroup/covid-19-image-repository/tree/master/png
COVID 244,PNG,256*256,https://github.com/ml-workgroup/covid-19-image-repository/tree/master/png
COVID 245,PNG,256*256,https://github.com/ml-workgroup/covid-19-image-repository/tree/master/png
COVID 246,PNG,256*256,https://github.com/ml-workgroup/covid-19-image-repository/tree/master/png
COVID 247,PNG,256*256,https://github.com/ml-workgroup/covid-19-image-repository/tree/master/png
COVID 248,PNG,256*256,https://github.com/ml-workgroup/covid-19-image-repository/tree/master/png
COVID 249,PNG,256*256,https://github.com/ml-workgroup/covid-19-image-repository/tree/master/png
COVID 250,PNG,256*256,https://github.com/ml-workgroup/covid-19-image-repository/tree/master/png
COVID 251,PNG,256*256,https://github.com/ml-workgroup/covid-19-image-repository/tree/master/png
COVID 252,PNG,256*256,https://github.com/ml-workgroup/covid-19-image-repository/tree/master/png
COVID 253,PNG,256*256,https://github.com/ml-workgroup/covid-19-image-repository/tree/master/png
COVID 254,PNG,256*256,https://github.com/ml-workgroup/covid-19-image-repository/tree/master/png
COVID 255,PNG,256*256,https://github.com/ml-workgroup/covid-19-image-repository/tree/master/png
COVID 256,PNG,256*256,https://github.com/ml-workgroup/covid-19-image-repository/tree/master/png
COVID 257,PNG,256*256,https://github.com/ml-workgroup/covid-19-image-repository/tree/master/png
COVID 258,PNG,256*256,https://github.com/ml-workgroup/covid-19-image-repository/tree/master/png
COVID 259,PNG,256*256,https://github.com/ml-workgroup/covid-19-image-repository/tree/master/png
COVID 260,PNG,256*256,https://github.com/ml-workgroup/covid-19-image-repository/tree/master/png
COVID 261,PNG,256*256,https://github.com/ml-workgroup/covid-19-image-repository/tree/master/png
COVID 262,PNG,256*256,https://github.com/ml-workgroup/covid-19-image-repository/tree/master/png
COVID 263,PNG,256*256,https://github.com/ml-workgroup/covid-19-image-repository/tree/master/png
COVID 264,PNG,256*256,https://github.com/ml-workgroup/covid-19-image-repository/tree/master/png
COVID 265,PNG,256*256,https://github.com/ml-workgroup/covid-19-image-repository/tree/master/png
COVID 266,PNG,256*256,https://github.com/ml-workgroup/covid-19-image-repository/tree/master/png
COVID 267,PNG,256*256,https://github.com/ml-workgroup/covid-19-image-repository/tree/master/png
COVID 268,PNG,256*256,https://github.com/ml-workgroup/covid-19-image-repository/tree/master/png
COVID 269,PNG,256*256,https://github.com/ml-workgroup/covid-19-image-repository/tree/master/png
COVID 270,PNG,256*256,https://github.com/ml-workgroup/covid-19-image-repository/tree/master/png
COVID 271,PNG,256*256,https://github.com/ml-workgroup/covid-19-image-repository/tree/master/png
COVID 272,PNG,256*256,https://github.com/ml-workgroup/covid-19-image-repository/tree/master/png
COVID 273,PNG,256*256,https://github.com/ml-workgroup/covid-19-image-repository/tree/master/png
COVID 274,PNG,256*256,https://github.com/ml-workgroup/covid-19-image-repository/tree/master/png
COVID 275,PNG,256*256,https://github.com/ml-workgroup/covid-19-image-repository/tree/master/png
COVID 276,PNG,256*256,https://github.com/ml-workgroup/covid-19-image-repository/tree/master/png
COVID 277,PNG,256*256,https://github.com/ml-workgroup/covid-19-image-repository/tree/master/png
COVID 278,PNG,256*256,https://github.com/ml-workgroup/covid-19-image-repository/tree/master/png
COVID 279,PNG,256*256,https://github.com/ml-workgroup/covid-19-image-repository/tree/master/png
COVID 280,PNG,256*256,https://github.com/ml-workgroup/covid-19-image-repository/tree/master/png
COVID 281,PNG,256*256,https://github.com/ml-workgroup/covid-19-image-repository/tree/master/png
COVID 282,PNG,256*256,https://github.com/ml-workgroup/covid-19-image-repository/tree/master/png
COVID 283,PNG,256*256,https://github.com/ml-workgroup/covid-19-image-repository/tree/master/png
COVID 284,PNG,256*256,https://github.com/ml-workgroup/covid-19-image-repository/tree/master/png
COVID 285,PNG,256*256,https://github.com/ml-workgroup/covid-19-image-repository/tree/master/png
COVID 286,PNG,256*256,https://github.com/ml-workgroup/covid-19-image-repository/tree/master/png
COVID 287,PNG,256*256,https://github.com/ml-workgroup/covid-19-image-repository/tree/master/png
COVID 288,PNG,256*256,https://github.com/ml-workgroup/covid-19-image-repository/tree/master/png
COVID 289,PNG,256*256,https://github.com/ml-workgroup/covid-19-image-repository/tree/master/png
COVID 290,PNG,256*256,https://github.com/ml-workgroup/covid-19-image-repository/tree/master/png
COVID 291,PNG,256*256,https://github.com/ml-workgroup/covid-19-image-repository/tree/master/png
COVID 292,PNG,256*256,https://github.com/ml-workgroup/covid-19-image-repository/tree/master/png
COVID 293,PNG,256*256,https://github.com/ml-workgroup/covid-19-image-repository/tree/master/png
COVID 294,PNG,256*256,https://github.com/ml-workgroup/covid-19-image-repository/tree/master/png
COVID 295,PNG,256*256,https://github.com/ml-workgroup/covid-19-image-repository/tree/master/png
COVID 296,PNG,256*256,https://github.com/ml-workgroup/covid-19-image-repository/tree/master/png
COVID 297,PNG,256*256,https://github.com/ml-workgroup/covid-19-image-repository/tree/master/png
COVID 298,PNG,256*256,https://github.com/ml-workgroup/covid-19-image-repository/tree/master/png
COVID 299,PNG,256*256,https://github.com/ml-workgroup/covid-19-image-repository/tree/master/png
COVID 300,PNG,256*256,https://github.com/ml-workgroup/covid-19-image-repository/tree/master/png
COVID 301,PNG,256*256,https://github.com/ml-workgroup/covid-19-image-repository/tree/master/png
COVID 302,PNG,256*256,https://github.com/ml-workgroup/covid-19-image-repository/tree/master/png
COVID 303,PNG,256*256,https://eurorad.org
COVID 304,PNG,256*256,https://eurorad.org
COVID 305,PNG,256*256,https://eurorad.org
COVID 306,PNG,256*256,https://eurorad.org
COVID 307,PNG,256*256,https://eurorad.org
COVID 308,PNG,256*256,https://eurorad.org
COVID 309,PNG,256*256,https://eurorad.org
COVID 310,PNG,256*256,https://eurorad.org
COVID 311,PNG,256*256,https://eurorad.org
COVID 312,PNG,256*256,https://eurorad.org
COVID 313,PNG,256*256,https://eurorad.org
COVID 314,PNG,256*256,https://eurorad.org
COVID 315,PNG,256*256,https://eurorad.org
COVID 316,PNG,256*256,https://eurorad.org
COVID 317,PNG,256*256,https://eurorad.org
COVID 318,PNG,256*256,https://eurorad.org
COVID 319,PNG,256*256,https://eurorad.org
COVID 320,PNG,256*256,https://eurorad.org
COVID 321,PNG,256*256,https://eurorad.org
COVID 322,PNG,256*256,https://eurorad.org
COVID 323,PNG,256*256,https://eurorad.org
COVID 324,PNG,256*256,https://eurorad.org
COVID 325,PNG,256*256,https://eurorad.org
COVID 326,PNG,256*256,https://eurorad.org
COVID 327,PNG,256*256,https://eurorad.org
COVID 328,PNG,256*256,https://eurorad.org
COVID 329,PNG,256*256,https://eurorad.org
COVID 330,PNG,256*256,https://eurorad.org
COVID 331,PNG,256*256,https://eurorad.org
COVID 332,PNG,256*256,https://eurorad.org
COVID 333,PNG,256*256,https://eurorad.org
COVID 334,PNG,256*256,https://eurorad.org
COVID 335,PNG,256*256,https://eurorad.org
COVID 336,PNG,256*256,https://eurorad.org
COVID 337,PNG,256*256,https://eurorad.org
COVID 338,PNG,256*256,https://eurorad.org
COVID 339,PNG,256*256,https://eurorad.org
COVID 340,PNG,256*256,https://eurorad.org
COVID 341,PNG,256*256,https://eurorad.org
COVID 342,PNG,256*256,https://eurorad.org
COVID 343,PNG,256*256,https://eurorad.org
COVID 344,PNG,256*256,https://eurorad.org
COVID 345,PNG,256*256,https://eurorad.org
COVID 346,PNG,256*256,https://eurorad.org
COVID 347,PNG,256*256,https://eurorad.org
COVID 348,PNG,256*256,https://eurorad.org
COVID 349,PNG,256*256,https://eurorad.org
COVID 350,PNG,256*256,https://eurorad.org
COVID 351,PNG,256*256,https://eurorad.org
COVID 352,PNG,256*256,https://eurorad.org
COVID 353,PNG,256*256,https://eurorad.org
COVID 354,PNG,256*256,https://eurorad.org
COVID 355,PNG,256*256,https://eurorad.org
COVID 356,PNG,256*256,https://eurorad.org
COVID 357,PNG,256*256,https://eurorad.org
COVID 358,PNG,256*256,https://eurorad.org
COVID 359,PNG,256*256,https://eurorad.org
COVID 360,PNG,256*256,https://eurorad.org
COVID 361,PNG,256*256,https://eurorad.org
COVID 362,PNG,256*256,https://eurorad.org
COVID 363,PNG,256*256,https://eurorad.org
COVID 364,PNG,256*256,https://eurorad.org
COVID 365,PNG,256*256,https://eurorad.org
COVID 366,PNG,256*256,https://eurorad.org
COVID 367,PNG,256*256,https://eurorad.org
COVID 368,PNG,256*256,https://eurorad.org
COVID 369,PNG,256*256,https://eurorad.org
COVID 370,PNG,256*256,https://eurorad.org
COVID 371,PNG,256*256,https://eurorad.org
COVID 372,PNG,256*256,https://eurorad.org
COVID 373,PNG,256*256,https://eurorad.org
COVID 374,PNG,256*256,https://eurorad.org
COVID 375,PNG,256*256,https://eurorad.org
COVID 376,PNG,256*256,https://eurorad.org
COVID 377,PNG,256*256,https://eurorad.org
COVID 378,PNG,256*256,https://eurorad.org
COVID 379,PNG,256*256,https://eurorad.org
COVID 380,PNG,256*256,https://eurorad.org
COVID 381,PNG,256*256,https://eurorad.org
COVID 382,PNG,256*256,https://eurorad.org
COVID 383,PNG,256*256,https://eurorad.org
COVID 384,PNG,256*256,https://eurorad.org
COVID 385,PNG,256*256,https://eurorad.org
COVID 386,PNG,256*256,https://eurorad.org
COVID 387,PNG,256*256,https://eurorad.org
COVID 388,PNG,256*256,https://eurorad.org
COVID 389,PNG,256*256,https://eurorad.org
COVID 390,PNG,256*256,https://eurorad.org
COVID 391,PNG,256*256,https://eurorad.org
COVID 392,PNG,256*256,https://eurorad.org
COVID 393,PNG,256*256,https://eurorad.org
COVID 394,PNG,256*256,https://eurorad.org
COVID 395,PNG,256*256,https://eurorad.org
COVID 396,PNG,256*256,https://eurorad.org
COVID 397,PNG,256*256,https://eurorad.org
COVID 398,PNG,256*256,https://eurorad.org
COVID 399,PNG,256*256,https://eurorad.org
COVID 400,PNG,256*256,https://eurorad.org
COVID 401,PNG,256*256,https://eurorad.org
COVID 402,PNG,256*256,https://eurorad.org
COVID 403,PNG,256*256,https://eurorad.org
COVID 404,PNG,256*256,https://eurorad.org
COVID 405,PNG,256*256,https://eurorad.org
COVID 406,PNG,256*256,https://eurorad.org
COVID 407,PNG,256*256,https://eurorad.org
COVID 408,PNG,256*256,https://eurorad.org
COVID 409,PNG,256*256,https://eurorad.org
COVID 410,PNG,256*256,https://eurorad.org
COVID 411,PNG,256*256,https://eurorad.org
COVID 412,PNG,256*256,https://eurorad.org
COVID 413,PNG,256*256,https://eurorad.org
COVID 414,PNG,256*256,https://eurorad.org
COVID 415,PNG,256*256,https://eurorad.org
COVID 416,PNG,256*256,https://eurorad.org
COVID 417,PNG,256*256,https://eurorad.org
COVID 418,PNG,256*256,https://eurorad.org
COVID 419,PNG,256*256,https://eurorad.org
COVID 420,PNG,256*256,https://eurorad.org
COVID 421,PNG,256*256,https://eurorad.org
COVID 422,PNG,256*256,https://eurorad.org
COVID 423,PNG,256*256,https://eurorad.org
COVID 424,PNG,256*256,https://eurorad.org
COVID 425,PNG,256*256,https://eurorad.org
COVID 426,PNG,256*256,https://eurorad.org
COVID 427,PNG,256*256,https://eurorad.org
COVID 428,PNG,256*256,https://eurorad.org
COVID 429,PNG,256*256,https://eurorad.org
COVID 430,PNG,256*256,https://eurorad.org
COVID 431,PNG,256*256,https://eurorad.org
COVID 432,PNG,256*256,https://eurorad.org
COVID 433,PNG,256*256,https://eurorad.org
COVID 434,PNG,256*256,https://eurorad.org
COVID 435,PNG,256*256,https://eurorad.org
COVID 436,PNG,256*256,https://eurorad.org
COVID 437,PNG,256*256,https://eurorad.org
COVID 438,PNG,256*256,https://eurorad.org
COVID 439,PNG,256*256,https://eurorad.org
COVID 440,PNG,256*256,https://eurorad.org
COVID 441,PNG,256*256,https://eurorad.org
COVID 442,PNG,256*256,https://eurorad.org
COVID 443,PNG,256*256,https://eurorad.org
COVID 444,PNG,256*256,https://eurorad.org
COVID 445,PNG,256*256,https://eurorad.org
COVID 446,PNG,256*256,https://eurorad.org
COVID 447,PNG,256*256,https://eurorad.org
COVID 448,PNG,256*256,https://eurorad.org
COVID 449,PNG,256*256,https://eurorad.org
COVID 450,PNG,256*256,https://eurorad.org
COVID 451,PNG,256*256,https://eurorad.org
COVID 452,PNG,256*256,https://eurorad.org
COVID 453,PNG,256*256,https://eurorad.org
COVID 454,PNG,256*256,https://eurorad.org
COVID 455,PNG,256*256,https://eurorad.org
COVID 456,PNG,256*256,https://eurorad.org
COVID 457,PNG,256*256,https://eurorad.org
COVID 458,PNG,256*256,https://eurorad.org
COVID 459,PNG,256*256,https://eurorad.org
COVID 460,PNG,256*256,https://eurorad.org
COVID 461,PNG,256*256,https://eurorad.org
COVID 462,PNG,256*256,https://eurorad.org
COVID 463,PNG,256*256,https://eurorad.org
COVID 464,PNG,256*256,https://eurorad.org
COVID 465,PNG,256*256,https://eurorad.org
COVID 466,PNG,256*256,https://eurorad.org
COVID 467,PNG,256*256,https://eurorad.org
COVID 468,PNG,256*256,https://eurorad.org
COVID 469,PNG,256*256,https://eurorad.org
COVID 470,PNG,256*256,https://eurorad.org
COVID 471,PNG,256*256,https://eurorad.org
COVID 472,PNG,256*256,https://eurorad.org
COVID 473,PNG,256*256,https://eurorad.org
COVID 474,PNG,256*256,https://eurorad.org
COVID 475,PNG,256*256,https://eurorad.org
COVID 476,PNG,256*256,https://eurorad.org
COVID 477,PNG,256*256,https://eurorad.org
COVID 478,PNG,256*256,https://eurorad.org
COVID 479,PNG,256*256,https://eurorad.org
COVID 480,PNG,256*256,https://eurorad.org
COVID 481,PNG,256*256,https://eurorad.org
COVID 482,PNG,256*256,https://eurorad.org
COVID 483,PNG,256*256,https://eurorad.org
COVID 484,PNG,256*256,https://eurorad.org
COVID 485,PNG,256*256,https://eurorad.org
COVID 486,PNG,256*256,https://eurorad.org
COVID 487,PNG,256*256,https://eurorad.org
COVID 488,PNG,256*256,https://eurorad.org
COVID 489,PNG,256*256,https://eurorad.org
COVID 490,PNG,256*256,https://eurorad.org
COVID 491,PNG,256*256,https://eurorad.org
COVID 492,PNG,256*256,https://eurorad.org
COVID 493,PNG,256*256,https://eurorad.org
COVID 494,PNG,256*256,https://eurorad.org
COVID 495,PNG,256*256,https://eurorad.org
COVID 496,PNG,256*256,https://eurorad.org
COVID 497,PNG,256*256,https://eurorad.org
COVID 498,PNG,256*256,https://eurorad.org
COVID 499,PNG,256*256,https://eurorad.org
COVID 500,PNG,256*256,https://eurorad.org
COVID 501,PNG,256*256,https://eurorad.org
COVID 502,PNG,256*256,https://eurorad.org
COVID 503,PNG,256*256,https://eurorad.org
COVID 504,PNG,256*256,https://eurorad.org
COVID 505,PNG,256*256,https://eurorad.org
COVID 506,PNG,256*256,https://eurorad.org
COVID 507,PNG,256*256,https://eurorad.org
COVID 508,PNG,256*256,https://eurorad.org
COVID 509,PNG,256*256,https://eurorad.org
COVID 510,PNG,256*256,https://eurorad.org
COVID 511,PNG,256*256,https://eurorad.org
COVID 512,PNG,256*256,https://eurorad.org
COVID 513,PNG,256*256,https://eurorad.org
COVID 514,PNG,256*256,https://eurorad.org
COVID 515,PNG,256*256,https://eurorad.org
COVID 516,PNG,256*256,https://eurorad.org
COVID 517,PNG,256*256,https://eurorad.org
COVID 518,PNG,256*256,https://eurorad.org
COVID 519,PNG,256*256,https://eurorad.org
COVID 520,PNG,256*256,https://eurorad.org
COVID 521,PNG,256*256,https://eurorad.org
COVID 522,PNG,256*256,https://eurorad.org
COVID 523,PNG,256*256,https://eurorad.org
COVID 524,PNG,256*256,https://eurorad.org
COVID 525,PNG,256*256,https://eurorad.org
COVID 526,PNG,256*256,https://eurorad.org
COVID 527,PNG,256*256,https://eurorad.org
COVID 528,PNG,256*256,https://eurorad.org
COVID 529,PNG,256*256,https://eurorad.org
COVID 530,PNG,256*256,https://eurorad.org
COVID 531,PNG,256*256,https://eurorad.org
COVID 532,PNG,256*256,https://eurorad.org
COVID 533,PNG,256*256,https://eurorad.org
COVID 534,PNG,256*256,https://eurorad.org
COVID 535,PNG,256*256,https://eurorad.org
COVID 536,PNG,256*256,https://eurorad.org
COVID 537,PNG,256*256,https://eurorad.org
COVID 538,PNG,256*256,https://eurorad.org
COVID 539,PNG,256*256,https://eurorad.org
COVID 540,PNG,256*256,https://eurorad.org
COVID 541,PNG,256*256,https://eurorad.org
COVID 542,PNG,256*256,https://eurorad.org
COVID 543,PNG,256*256,https://eurorad.org
COVID 544,PNG,256*256,https://eurorad.org
COVID 545,PNG,256*256,https://eurorad.org
COVID 546,PNG,256*256,https://eurorad.org
COVID 547,PNG,256*256,https://eurorad.org
COVID 548,PNG,256*256,https://eurorad.org
COVID 549,PNG,256*256,https://eurorad.org
COVID 550,PNG,256*256,https://eurorad.org
COVID 551,PNG,256*256,https://eurorad.org
COVID 552,PNG,256*256,https://eurorad.org
COVID 553,PNG,256*256,https://eurorad.org
COVID 554,PNG,256*256,https://eurorad.org
COVID 555,PNG,256*256,https://eurorad.org
COVID 556,PNG,256*256,https://eurorad.org
COVID 557,PNG,256*256,https://eurorad.org
COVID 558,PNG,256*256,https://eurorad.org
COVID 559,PNG,256*256,https://eurorad.org
COVID 560,PNG,256*256,https://eurorad.org
COVID 561,PNG,256*256,https://github.com/armiro/COVID-CXNet
COVID 562,PNG,256*256,https://github.com/armiro/COVID-CXNet
COVID 563,PNG,256*256,https://github.com/armiro/COVID-CXNet
COVID 564,PNG,256*256,https://github.com/armiro/COVID-CXNet
COVID 565,PNG,256*256,https://github.com/armiro/COVID-CXNet
COVID 566,PNG,256*256,https://github.com/armiro/COVID-CXNet
COVID 567,PNG,256*256,https://github.com/armiro/COVID-CXNet
COVID 568,PNG,256*256,https://github.com/armiro/COVID-CXNet
COVID 569,PNG,256*256,https://github.com/armiro/COVID-CXNet
COVID 570,PNG,256*256,https://github.com/armiro/COVID-CXNet
COVID 571,PNG,256*256,https://github.com/armiro/COVID-CXNet
COVID 572,PNG,256*256,https://github.com/armiro/COVID-CXNet
COVID 573,PNG,256*256,https://github.com/armiro/COVID-CXNet
COVID 574,PNG,256*256,https://github.com/armiro/COVID-CXNet
COVID 575,PNG,256*256,https://github.com/armiro/COVID-CXNet
COVID 576,PNG,256*256,https://github.com/armiro/COVID-CXNet
COVID 577,PNG,256*256,https://github.com/armiro/COVID-CXNet
COVID 578,PNG,256*256,https://github.com/armiro/COVID-CXNet
COVID 579,PNG,256*256,https://github.com/armiro/COVID-CXNet
COVID 580,PNG,256*256,https://github.com/armiro/COVID-CXNet
COVID 581,PNG,256*256,https://github.com/armiro/COVID-CXNet
COVID 582,PNG,256*256,https://github.com/armiro/COVID-CXNet
COVID 583,PNG,256*256,https://github.com/armiro/COVID-CXNet
COVID 584,PNG,256*256,https://github.com/armiro/COVID-CXNet
COVID 585,PNG,256*256,https://github.com/armiro/COVID-CXNet
COVID 586,PNG,256*256,https://github.com/armiro/COVID-CXNet
COVID 587,PNG,256*256,https://github.com/armiro/COVID-CXNet
COVID 588,PNG,256*256,https://github.com/armiro/COVID-CXNet
COVID 589,PNG,256*256,https://github.com/armiro/COVID-CXNet
COVID 590,PNG,256*256,https://github.com/armiro/COVID-CXNet
COVID 591,PNG,256*256,https://github.com/armiro/COVID-CXNet
COVID 592,PNG,256*256,https://github.com/armiro/COVID-CXNet
COVID 593,PNG,256*256,https://github.com/armiro/COVID-CXNet
COVID 594,PNG,256*256,https://github.com/armiro/COVID-CXNet
COVID 595,PNG,256*256,https://github.com/armiro/COVID-CXNet
COVID 596,PNG,256*256,https://github.com/armiro/COVID-CXNet
COVID 597,PNG,256*256,https://github.com/armiro/COVID-CXNet
COVID 598,PNG,256*256,https://github.com/armiro/COVID-CXNet
COVID 599,PNG,256*256,https://github.com/armiro/COVID-CXNet
COVID 600,PNG,256*256,https://github.com/armiro/COVID-CXNet
COVID 601,PNG,256*256,https://github.com/armiro/COVID-CXNet
COVID 602,PNG,256*256,https://github.com/armiro/COVID-CXNet
COVID 603,PNG,256*256,https://github.com/armiro/COVID-CXNet
COVID 604,PNG,256*256,https://github.com/armiro/COVID-CXNet
COVID 605,PNG,256*256,https://github.com/armiro/COVID-CXNet
COVID 606,PNG,256*256,https://github.com/armiro/COVID-CXNet
COVID 607,PNG,256*256,https://github.com/armiro/COVID-CXNet
COVID 608,PNG,256*256,https://github.com/armiro/COVID-CXNet
COVID 609,PNG,256*256,https://github.com/armiro/COVID-CXNet
COVID 610,PNG,256*256,https://github.com/armiro/COVID-CXNet
COVID 611,PNG,256*256,https://github.com/armiro/COVID-CXNet
COVID 612,PNG,256*256,https://github.com/armiro/COVID-CXNet
COVID 613,PNG,256*256,https://github.com/armiro/COVID-CXNet
COVID 614,PNG,256*256,https://github.com/armiro/COVID-CXNet
COVID 615,PNG,256*256,https://github.com/armiro/COVID-CXNet
COVID 616,PNG,256*256,https://github.com/armiro/COVID-CXNet
COVID 617,PNG,256*256,https://github.com/armiro/COVID-CXNet
COVID 618,PNG,256*256,https://github.com/armiro/COVID-CXNet
COVID 619,PNG,256*256,https://github.com/armiro/COVID-CXNet
COVID 620,PNG,256*256,https://github.com/armiro/COVID-CXNet
COVID 621,PNG,256*256,https://github.com/armiro/COVID-CXNet
COVID 622,PNG,256*256,https://github.com/armiro/COVID-CXNet
COVID 623,PNG,256*256,https://github.com/armiro/COVID-CXNet
COVID 624,PNG,256*256,https://github.com/armiro/COVID-CXNet
COVID 625,PNG,256*256,https://github.com/armiro/COVID-CXNet
COVID 626,PNG,256*256,https://github.com/armiro/COVID-CXNet
COVID 627,PNG,256*256,https://github.com/armiro/COVID-CXNet
COVID 628,PNG,256*256,https://github.com/armiro/COVID-CXNet
COVID 629,PNG,256*256,https://github.com/armiro/COVID-CXNet
COVID 630,PNG,256*256,https://github.com/armiro/COVID-CXNet
COVID 631,PNG,256*256,https://github.com/armiro/COVID-CXNet
COVID 632,PNG,256*256,https://github.com/armiro/COVID-CXNet
COVID 633,PNG,256*256,https://github.com/armiro/COVID-CXNet
COVID 634,PNG,256*256,https://github.com/armiro/COVID-CXNet
COVID 635,PNG,256*256,https://github.com/armiro/COVID-CXNet
COVID 636,PNG,256*256,https://github.com/armiro/COVID-CXNet
COVID 637,PNG,256*256,https://github.com/armiro/COVID-CXNet
COVID 638,PNG,256*256,https://github.com/armiro/COVID-CXNet
COVID 639,PNG,256*256,https://github.com/armiro/COVID-CXNet
COVID 640,PNG,256*256,https://github.com/armiro/COVID-CXNet
COVID 641,PNG,256*256,https://github.com/armiro/COVID-CXNet
COVID 642,PNG,256*256,https://github.com/armiro/COVID-CXNet
COVID 643,PNG,256*256,https://github.com/armiro/COVID-CXNet
COVID 644,PNG,256*256,https://github.com/armiro/COVID-CXNet
COVID 645,PNG,256*256,https://github.com/armiro/COVID-CXNet
COVID 646,PNG,256*256,https://github.com/armiro/COVID-CXNet
COVID 647,PNG,256*256,https://github.com/armiro/COVID-CXNet
COVID 648,PNG,256*256,https://github.com/armiro/COVID-CXNet
COVID 649,PNG,256*256,https://github.com/armiro/COVID-CXNet
COVID 650,PNG,256*256,https://github.com/armiro/COVID-CXNet
COVID 651,PNG,256*256,https://github.com/armiro/COVID-CXNet
COVID 652,PNG,256*256,https://github.com/armiro/COVID-CXNet
COVID 653,PNG,256*256,https://github.com/armiro/COVID-CXNet
COVID 654,PNG,256*256,https://github.com/armiro/COVID-CXNet
COVID 655,PNG,256*256,https://github.com/armiro/COVID-CXNet
COVID 656,PNG,256*256,https://github.com/armiro/COVID-CXNet
COVID 657,PNG,256*256,https://github.com/armiro/COVID-CXNet
COVID 658,PNG,256*256,https://github.com/armiro/COVID-CXNet
COVID 659,PNG,256*256,https://github.com/armiro/COVID-CXNet
COVID 660,PNG,256*256,https://github.com/armiro/COVID-CXNet
COVID 661,PNG,256*256,https://github.com/armiro/COVID-CXNet
COVID 662,PNG,256*256,https://github.com/armiro/COVID-CXNet
COVID 663,PNG,256*256,https://github.com/armiro/COVID-CXNet
COVID 664,PNG,256*256,https://github.com/armiro/COVID-CXNet
COVID 665,PNG,256*256,https://github.com/armiro/COVID-CXNet
COVID 666,PNG,256*256,https://github.com/armiro/COVID-CXNet
COVID 667,PNG,256*256,https://github.com/armiro/COVID-CXNet
COVID 668,PNG,256*256,https://github.com/armiro/COVID-CXNet
COVID 669,PNG,256*256,https://github.com/armiro/COVID-CXNet
COVID 670,PNG,256*256,https://github.com/armiro/COVID-CXNet
COVID 671,PNG,256*256,https://github.com/armiro/COVID-CXNet
COVID 672,PNG,256*256,https://github.com/armiro/COVID-CXNet
COVID 673,PNG,256*256,https://github.com/armiro/COVID-CXNet
COVID 674,PNG,256*256,https://github.com/armiro/COVID-CXNet
COVID 675,PNG,256*256,https://github.com/armiro/COVID-CXNet
COVID 676,PNG,256*256,https://github.com/armiro/COVID-CXNet
COVID 677,PNG,256*256,https://github.com/armiro/COVID-CXNet
COVID 678,PNG,256*256,https://github.com/armiro/COVID-CXNet
COVID 679,PNG,256*256,https://github.com/armiro/COVID-CXNet
COVID 680,PNG,256*256,https://github.com/armiro/COVID-CXNet
COVID 681,PNG,256*256,https://github.com/armiro/COVID-CXNet
COVID 682,PNG,256*256,https://github.com/armiro/COVID-CXNet
COVID 683,PNG,256*256,https://github.com/armiro/COVID-CXNet
COVID 684,PNG,256*256,https://github.com/armiro/COVID-CXNet
COVID 685,PNG,256*256,https://github.com/armiro/COVID-CXNet
COVID 686,PNG,256*256,https://github.com/armiro/COVID-CXNet
COVID 687,PNG,256*256,https://github.com/armiro/COVID-CXNet
COVID 688,PNG,256*256,https://github.com/armiro/COVID-CXNet
COVID 689,PNG,256*256,https://github.com/armiro/COVID-CXNet
COVID 690,PNG,256*256,https://github.com/armiro/COVID-CXNet
COVID 691,PNG,256*256,https://github.com/armiro/COVID-CXNet
COVID 692,PNG,256*256,https://github.com/armiro/COVID-CXNet
COVID 693,PNG,256*256,https://github.com/armiro/COVID-CXNet
COVID 694,PNG,256*256,https://github.com/armiro/COVID-CXNet
COVID 695,PNG,256*256,https://github.com/armiro/COVID-CXNet
COVID 696,PNG,256*256,https://github.com/armiro/COVID-CXNet
COVID 697,PNG,256*256,https://github.com/armiro/COVID-CXNet
COVID 698,PNG,256*256,https://github.com/armiro/COVID-CXNet
COVID 699,PNG,256*256,https://github.com/armiro/COVID-CXNet
COVID 700,PNG,256*256,https://github.com/armiro/COVID-CXNet
COVID 701,PNG,256*256,https://github.com/armiro/COVID-CXNet
COVID 702,PNG,256*256,https://github.com/armiro/COVID-CXNet
COVID 703,PNG,256*256,https://github.com/armiro/COVID-CXNet
COVID 704,PNG,256*256,https://github.com/armiro/COVID-CXNet
COVID 705,PNG,256*256,https://github.com/armiro/COVID-CXNet
COVID 706,PNG,256*256,https://github.com/armiro/COVID-CXNet
COVID 707,PNG,256*256,https://github.com/armiro/COVID-CXNet
COVID 708,PNG,256*256,https://github.com/armiro/COVID-CXNet
COVID 709,PNG,256*256,https://github.com/armiro/COVID-CXNet
COVID 710,PNG,256*256,https://github.com/armiro/COVID-CXNet
COVID 711,PNG,256*256,https://github.com/armiro/COVID-CXNet
COVID 712,PNG,256*256,https://github.com/armiro/COVID-CXNet
COVID 713,PNG,256*256,https://github.com/armiro/COVID-CXNet
COVID 714,PNG,256*256,https://github.com/armiro/COVID-CXNet
COVID 715,PNG,256*256,https://github.com/armiro/COVID-CXNet
COVID 716,PNG,256*256,https://github.com/armiro/COVID-CXNet
COVID 717,PNG,256*256,https://github.com/armiro/COVID-CXNet
COVID 718,PNG,256*256,https://github.com/armiro/COVID-CXNet
COVID 719,PNG,256*256,https://github.com/armiro/COVID-CXNet
COVID 720,PNG,256*256,https://github.com/armiro/COVID-CXNet
COVID 721,PNG,256*256,https://github.com/armiro/COVID-CXNet
COVID 722,PNG,256*256,https://github.com/armiro/COVID-CXNet
COVID 723,PNG,256*256,https://github.com/armiro/COVID-CXNet
COVID 724,PNG,256*256,https://github.com/armiro/COVID-CXNet
COVID 725,PNG,256*256,https://github.com/armiro/COVID-CXNet
COVID 726,PNG,256*256,https://github.com/armiro/COVID-CXNet
COVID 727,PNG,256*256,https://github.com/armiro/COVID-CXNet
COVID 728,PNG,256*256,https://github.com/armiro/COVID-CXNet
COVID 729,PNG,256*256,https://github.com/armiro/COVID-CXNet
COVID 730,PNG,256*256,https://github.com/armiro/COVID-CXNet
COVID 731,PNG,256*256,https://github.com/armiro/COVID-CXNet
COVID 732,PNG,256*256,https://github.com/armiro/COVID-CXNet
COVID 733,PNG,256*256,https://github.com/armiro/COVID-CXNet
COVID 734,PNG,256*256,https://github.com/armiro/COVID-CXNet
COVID 735,PNG,256*256,https://github.com/armiro/COVID-CXNet
COVID 736,PNG,256*256,https://github.com/armiro/COVID-CXNet
COVID 737,PNG,256*256,https://github.com/armiro/COVID-CXNet
COVID 738,PNG,256*256,https://github.com/armiro/COVID-CXNet
COVID 739,PNG,256*256,https://github.com/armiro/COVID-CXNet
COVID 740,PNG,256*256,https://github.com/armiro/COVID-CXNet
COVID 741,PNG,256*256,https://github.com/armiro/COVID-CXNet
COVID 742,PNG,256*256,https://github.com/armiro/COVID-CXNet
COVID 743,PNG,256*256,https://github.com/armiro/COVID-CXNet
COVID 744,PNG,256*256,https://github.com/armiro/COVID-CXNet
COVID 745,PNG,256*256,https://github.com/armiro/COVID-CXNet
COVID 746,PNG,256*256,https://github.com/armiro/COVID-CXNet
COVID 747,PNG,256*256,https://github.com/armiro/COVID-CXNet
COVID 748,PNG,256*256,https://github.com/armiro/COVID-CXNet
COVID 749,PNG,256*256,https://github.com/armiro/COVID-CXNet
COVID 750,PNG,256*256,https://github.com/armiro/COVID-CXNet
COVID 751,PNG,256*256,https://github.com/armiro/COVID-CXNet
COVID 752,PNG,256*256,https://github.com/armiro/COVID-CXNet
COVID 753,PNG,256*256,https://github.com/armiro/COVID-CXNet
COVID 754,PNG,256*256,https://github.com/armiro/COVID-CXNet
COVID 755,PNG,256*256,https://github.com/armiro/COVID-CXNet
COVID 756,PNG,256*256,https://github.com/armiro/COVID-CXNet
COVID 757,PNG,256*256,https://github.com/armiro/COVID-CXNet
COVID 758,PNG,256*256,https://github.com/armiro/COVID-CXNet
COVID 759,PNG,256*256,https://github.com/armiro/COVID-CXNet
COVID 760,PNG,256*256,https://github.com/armiro/COVID-CXNet
COVID 761,PNG,256*256,https://github.com/armiro/COVID-CXNet
COVID 762,PNG,256*256,https://github.com/armiro/COVID-CXNet
COVID 763,PNG,256*256,https://github.com/armiro/COVID-CXNet
COVID 764,PNG,256*256,https://github.com/armiro/COVID-CXNet
COVID 765,PNG,256*256,https://github.com/armiro/COVID-CXNet
COVID 766,PNG,256*256,https://github.com/armiro/COVID-CXNet
COVID 767,PNG,256*256,https://github.com/armiro/COVID-CXNet
COVID 768,PNG,256*256,https://github.com/armiro/COVID-CXNet
COVID 769,PNG,256*256,https://github.com/armiro/COVID-CXNet
COVID 770,PNG,256*256,https://github.com/armiro/COVID-CXNet
COVID 771,PNG,256*256,https://github.com/armiro/COVID-CXNet
COVID 772,PNG,256*256,https://github.com/armiro/COVID-CXNet
COVID 773,PNG,256*256,https://github.com/armiro/COVID-CXNet
COVID 774,PNG,256*256,https://github.com/armiro/COVID-CXNet
COVID 775,PNG,256*256,https://github.com/armiro/COVID-CXNet
COVID 776,PNG,256*256,https://github.com/armiro/COVID-CXNet
COVID 777,PNG,256*256,https://github.com/armiro/COVID-CXNet
COVID 778,PNG,256*256,https://github.com/armiro/COVID-CXNet
COVID 779,PNG,256*256,https://github.com/armiro/COVID-CXNet
COVID 780,PNG,256*256,https://github.com/armiro/COVID-CXNet
COVID 781,PNG,256*256,https://github.com/armiro/COVID-CXNet
COVID 782,PNG,256*256,https://github.com/armiro/COVID-CXNet
COVID 783,PNG,256*256,https://github.com/armiro/COVID-CXNet
COVID 784,PNG,256*256,https://github.com/armiro/COVID-CXNet
COVID 785,PNG,256*256,https://github.com/armiro/COVID-CXNet
COVID 786,PNG,256*256,https://github.com/armiro/COVID-CXNet
COVID 787,PNG,256*256,https://github.com/armiro/COVID-CXNet
COVID 788,PNG,256*256,https://github.com/armiro/COVID-CXNet
COVID 789,PNG,256*256,https://github.com/armiro/COVID-CXNet
COVID 790,PNG,256*256,https://github.com/armiro/COVID-CXNet
COVID 791,PNG,256*256,https://github.com/armiro/COVID-CXNet
COVID 792,PNG,256*256,https://github.com/armiro/COVID-CXNet
COVID 793,PNG,256*256,https://github.com/armiro/COVID-CXNet
COVID 794,PNG,256*256,https://github.com/armiro/COVID-CXNet
COVID 795,PNG,256*256,https://github.com/armiro/COVID-CXNet
COVID 796,PNG,256*256,https://github.com/armiro/COVID-CXNet
COVID 797,PNG,256*256,https://github.com/armiro/COVID-CXNet
COVID 798,PNG,256*256,https://github.com/armiro/COVID-CXNet
COVID 799,PNG,256*256,https://github.com/armiro/COVID-CXNet
COVID 800,PNG,256*256,https://github.com/armiro/COVID-CXNet
COVID 801,PNG,256*256,https://github.com/armiro/COVID-CXNet
COVID 802,PNG,256*256,https://github.com/armiro/COVID-CXNet
COVID 803,PNG,256*256,https://github.com/armiro/COVID-CXNet
COVID 804,PNG,256*256,https://github.com/armiro/COVID-CXNet
COVID 805,PNG,256*256,https://github.com/armiro/COVID-CXNet
COVID 806,PNG,256*256,https://github.com/armiro/COVID-CXNet
COVID 807,PNG,256*256,https://github.com/armiro/COVID-CXNet
COVID 808,PNG,256*256,https://github.com/armiro/COVID-CXNet
COVID 809,PNG,256*256,https://github.com/armiro/COVID-CXNet
COVID 810,PNG,256*256,https://github.com/armiro/COVID-CXNet
COVID 811,PNG,256*256,https://github.com/armiro/COVID-CXNet
COVID 812,PNG,256*256,https://github.com/armiro/COVID-CXNet
COVID 813,PNG,256*256,https://github.com/armiro/COVID-CXNet
COVID 814,PNG,256*256,https://github.com/armiro/COVID-CXNet
COVID 815,PNG,256*256,https://github.com/armiro/COVID-CXNet
COVID 816,PNG,256*256,https://github.com/armiro/COVID-CXNet
COVID 817,PNG,256*256,https://github.com/armiro/COVID-CXNet
COVID 818,PNG,256*256,https://github.com/armiro/COVID-CXNet
COVID 819,PNG,256*256,https://github.com/armiro/COVID-CXNet
COVID 820,PNG,256*256,https://github.com/armiro/COVID-CXNet
COVID 821,PNG,256*256,https://github.com/armiro/COVID-CXNet
COVID 822,PNG,256*256,https://github.com/armiro/COVID-CXNet
COVID 823,PNG,256*256,https://github.com/armiro/COVID-CXNet
COVID 824,PNG,256*256,https://github.com/armiro/COVID-CXNet
COVID 825,PNG,256*256,https://github.com/armiro/COVID-CXNet
COVID 826,PNG,256*256,https://github.com/armiro/COVID-CXNet
COVID 827,PNG,256*256,https://github.com/armiro/COVID-CXNet
COVID 828,PNG,256*256,https://github.com/armiro/COVID-CXNet
COVID 829,PNG,256*256,https://github.com/armiro/COVID-CXNet
COVID 830,PNG,256*256,https://github.com/armiro/COVID-CXNet
COVID 831,PNG,256*256,https://github.com/armiro/COVID-CXNet
COVID 832,PNG,256*256,https://github.com/armiro/COVID-CXNet
COVID 833,PNG,256*256,https://github.com/armiro/COVID-CXNet
COVID 834,PNG,256*256,https://github.com/armiro/COVID-CXNet
COVID 835,PNG,256*256,https://github.com/armiro/COVID-CXNet
COVID 836,PNG,256*256,https://github.com/armiro/COVID-CXNet
COVID 837,PNG,256*256,https://github.com/armiro/COVID-CXNet
COVID 838,PNG,256*256,https://github.com/armiro/COVID-CXNet
COVID 839,PNG,256*256,https://github.com/armiro/COVID-CXNet
COVID 840,PNG,256*256,https://github.com/armiro/COVID-CXNet
COVID 841,PNG,256*256,https://github.com/armiro/COVID-CXNet
COVID 842,PNG,256*256,https://github.com/armiro/COVID-CXNet
COVID 843,PNG,256*256,https://github.com/armiro/COVID-CXNet
COVID 844,PNG,256*256,https://github.com/armiro/COVID-CXNet
COVID 845,PNG,256*256,https://github.com/armiro/COVID-CXNet
COVID 846,PNG,256*256,https://github.com/armiro/COVID-CXNet
COVID 847,PNG,256*256,https://github.com/armiro/COVID-CXNet
COVID 848,PNG,256*256,https://github.com/armiro/COVID-CXNet
COVID 849,PNG,256*256,https://github.com/armiro/COVID-CXNet
COVID 850,PNG,256*256,https://github.com/armiro/COVID-CXNet
COVID 851,PNG,256*256,https://github.com/armiro/COVID-CXNet
COVID 852,PNG,256*256,https://github.com/armiro/COVID-CXNet
COVID 853,PNG,256*256,https://github.com/armiro/COVID-CXNet
COVID 854,PNG,256*256,https://github.com/armiro/COVID-CXNet
COVID 855,PNG,256*256,https://github.com/armiro/COVID-CXNet
COVID 856,PNG,256*256,https://github.com/armiro/COVID-CXNet
COVID 857,PNG,256*256,https://github.com/armiro/COVID-CXNet
COVID 858,PNG,256*256,https://github.com/armiro/COVID-CXNet
COVID 859,PNG,256*256,https://github.com/armiro/COVID-CXNet
COVID 860,PNG,256*256,https://github.com/armiro/COVID-CXNet
COVID 861,PNG,256*256,https://github.com/armiro/COVID-CXNet
COVID 862,PNG,256*256,https://github.com/armiro/COVID-CXNet
COVID 863,PNG,256*256,https://github.com/armiro/COVID-CXNet
COVID 864,PNG,256*256,https://github.com/armiro/COVID-CXNet
COVID 865,PNG,256*256,https://github.com/armiro/COVID-CXNet
COVID 866,PNG,256*256,https://github.com/armiro/COVID-CXNet
COVID 867,PNG,256*256,https://github.com/armiro/COVID-CXNet
COVID 868,PNG,256*256,https://github.com/armiro/COVID-CXNet
COVID 869,PNG,256*256,https://github.com/armiro/COVID-CXNet
COVID 870,PNG,256*256,https://github.com/armiro/COVID-CXNet
COVID 871,PNG,256*256,https://github.com/armiro/COVID-CXNet
COVID 872,PNG,256*256,https://github.com/armiro/COVID-CXNet
COVID 873,PNG,256*256,https://github.com/armiro/COVID-CXNet
COVID 874,PNG,256*256,https://github.com/armiro/COVID-CXNet
COVID 875,PNG,256*256,https://github.com/armiro/COVID-CXNet
COVID 876,PNG,256*256,https://github.com/armiro/COVID-CXNet
COVID 877,PNG,256*256,https://github.com/armiro/COVID-CXNet
COVID 878,PNG,256*256,https://github.com/armiro/COVID-CXNet
COVID 879,PNG,256*256,https://github.com/armiro/COVID-CXNet
COVID 880,PNG,256*256,https://github.com/armiro/COVID-CXNet
COVID 881,PNG,256*256,https://github.com/armiro/COVID-CXNet
COVID 882,PNG,256*256,https://github.com/armiro/COVID-CXNet
COVID 883,PNG,256*256,https://github.com/armiro/COVID-CXNet
COVID 884,PNG,256*256,https://github.com/armiro/COVID-CXNet
COVID 885,PNG,256*256,https://github.com/armiro/COVID-CXNet
COVID 886,PNG,256*256,https://github.com/armiro/COVID-CXNet
COVID 887,PNG,256*256,https://github.com/armiro/COVID-CXNet
COVID 888,PNG,256*256,https://github.com/armiro/COVID-CXNet
COVID 889,PNG,256*256,https://github.com/armiro/COVID-CXNet
COVID 890,PNG,256*256,https://github.com/armiro/COVID-CXNet
COVID 891,PNG,256*256,https://github.com/armiro/COVID-CXNet
COVID 892,PNG,256*256,https://github.com/armiro/COVID-CXNet
COVID 893,PNG,256*256,https://github.com/armiro/COVID-CXNet
COVID 894,PNG,256*256,https://github.com/armiro/COVID-CXNet
COVID 895,PNG,256*256,https://github.com/armiro/COVID-CXNet
COVID 896,PNG,256*256,https://github.com/armiro/COVID-CXNet
COVID 897,PNG,256*256,https://github.com/armiro/COVID-CXNet
COVID 898,PNG,256*256,https://github.com/armiro/COVID-CXNet
COVID 899,PNG,256*256,https://github.com/armiro/COVID-CXNet
COVID 900,PNG,256*256,https://github.com/armiro/COVID-CXNet
COVID 901,PNG,256*256,https://github.com/armiro/COVID-CXNet
COVID 902,PNG,256*256,https://github.com/armiro/COVID-CXNet
COVID 903,PNG,256*256,https://github.com/armiro/COVID-CXNet
COVID 904,PNG,256*256,https://github.com/armiro/COVID-CXNet
COVID 905,PNG,256*256,https://github.com/armiro/COVID-CXNet
COVID 906,PNG,256*256,https://github.com/armiro/COVID-CXNet
COVID 907,PNG,256*256,https://github.com/armiro/COVID-CXNet
COVID 908,PNG,256*256,https://github.com/armiro/COVID-CXNet
COVID 909,PNG,256*256,https://github.com/armiro/COVID-CXNet
COVID 910,PNG,256*256,https://github.com/armiro/COVID-CXNet
COVID 911,PNG,256*256,https://github.com/armiro/COVID-CXNet
COVID 912,PNG,256*256,https://github.com/armiro/COVID-CXNet
COVID 913,PNG,256*256,https://github.com/armiro/COVID-CXNet
COVID 914,PNG,256*256,https://github.com/armiro/COVID-CXNet
COVID 915,PNG,256*256,https://github.com/armiro/COVID-CXNet
COVID 916,PNG,256*256,https://github.com/armiro/COVID-CXNet
COVID 917,PNG,256*256,https://github.com/armiro/COVID-CXNet
COVID 918,PNG,256*256,https://github.com/armiro/COVID-CXNet
COVID 919,PNG,256*256,https://github.com/armiro/COVID-CXNet
COVID 920,PNG,256*256,https://github.com/armiro/COVID-CXNet
COVID 921,PNG,256*256,https://github.com/armiro/COVID-CXNet
COVID 922,PNG,256*256,https://github.com/armiro/COVID-CXNet
COVID 923,PNG,256*256,https://github.com/armiro/COVID-CXNet
COVID 924,PNG,256*256,https://github.com/armiro/COVID-CXNet
COVID 925,PNG,256*256,https://github.com/armiro/COVID-CXNet
COVID 926,PNG,256*256,https://github.com/armiro/COVID-CXNet
COVID 927,PNG,256*256,https://github.com/armiro/COVID-CXNet
COVID 928,PNG,256*256,https://github.com/armiro/COVID-CXNet
COVID 929,PNG,256*256,https://github.com/armiro/COVID-CXNet
COVID 930,PNG,256*256,https://github.com/armiro/COVID-CXNet
COVID 931,PNG,256*256,https://github.com/armiro/COVID-CXNet
COVID 932,PNG,256*256,https://github.com/armiro/COVID-CXNet
COVID 933,PNG,256*256,https://github.com/armiro/COVID-CXNet
COVID 934,PNG,256*256,https://github.com/armiro/COVID-CXNet
COVID 935,PNG,256*256,https://github.com/armiro/COVID-CXNet
COVID 936,PNG,256*256,https://github.com/armiro/COVID-CXNet
COVID 937,PNG,256*256,https://github.com/armiro/COVID-CXNet
COVID 938,PNG,256*256,https://github.com/armiro/COVID-CXNet
COVID 939,PNG,256*256,https://github.com/armiro/COVID-CXNet
COVID 940,PNG,256*256,https://github.com/armiro/COVID-CXNet
COVID 941,PNG,256*256,https://github.com/armiro/COVID-CXNet
COVID 942,PNG,256*256,https://github.com/armiro/COVID-CXNet
COVID 943,PNG,256*256,https://github.com/armiro/COVID-CXNet
COVID 944,PNG,256*256,https://github.com/armiro/COVID-CXNet
COVID 945,PNG,256*256,https://github.com/armiro/COVID-CXNet
COVID 946,PNG,256*256,https://github.com/armiro/COVID-CXNet
COVID 947,PNG,256*256,https://github.com/armiro/COVID-CXNet
COVID 948,PNG,256*256,https://github.com/armiro/COVID-CXNet
COVID 949,PNG,256*256,https://github.com/armiro/COVID-CXNet
COVID 950,PNG,256*256,https://github.com/armiro/COVID-CXNet
COVID 951,PNG,256*256,https://github.com/armiro/COVID-CXNet
COVID 952,PNG,256*256,https://github.com/armiro/COVID-CXNet
COVID 953,PNG,256*256,https://github.com/armiro/COVID-CXNet
COVID 954,PNG,256*256,https://github.com/armiro/COVID-CXNet
COVID 955,PNG,256*256,https://github.com/armiro/COVID-CXNet
COVID 956,PNG,256*256,https://github.com/armiro/COVID-CXNet
COVID 957,PNG,256*256,https://github.com/armiro/COVID-CXNet
COVID 958,PNG,256*256,https://github.com/armiro/COVID-CXNet
COVID 959,PNG,256*256,https://github.com/armiro/COVID-CXNet
COVID 960,PNG,256*256,https://github.com/armiro/COVID-CXNet
COVID 961,PNG,256*256,https://github.com/ieee8023/covid-chestxray-dataset
COVID 962,PNG,256*256,https://github.com/ieee8023/covid-chestxray-dataset
COVID 963,PNG,256*256,https://github.com/ieee8023/covid-chestxray-dataset
COVID 964,PNG,256*256,https://github.com/ieee8023/covid-chestxray-dataset
COVID 965,PNG,256*256,https://github.com/ieee8023/covid-chestxray-dataset
COVID 966,PNG,256*256,https://github.com/ieee8023/covid-chestxray-dataset
COVID 967,PNG,256*256,https://github.com/ieee8023/covid-chestxray-dataset
COVID 968,PNG,256*256,https://github.com/ieee8023/covid-chestxray-dataset
COVID 969,PNG,256*256,https://github.com/ieee8023/covid-chestxray-dataset
COVID 970,PNG,256*256,https://github.com/ieee8023/covid-chestxray-dataset
COVID 971,PNG,256*256,https://github.com/ieee8023/covid-chestxray-dataset
COVID 972,PNG,256*256,https://github.com/ieee8023/covid-chestxray-dataset
COVID 973,PNG,256*256,https://github.com/ieee8023/covid-chestxray-dataset
COVID 974,PNG,256*256,https://github.com/ieee8023/covid-chestxray-dataset
COVID 975,PNG,256*256,https://github.com/ieee8023/covid-chestxray-dataset
COVID 976,PNG,256*256,https://github.com/ieee8023/covid-chestxray-dataset
COVID 977,PNG,256*256,https://github.com/ieee8023/covid-chestxray-dataset
COVID 978,PNG,256*256,https://github.com/ieee8023/covid-chestxray-dataset
COVID 979,PNG,256*256,https://github.com/ieee8023/covid-chestxray-dataset
COVID 980,PNG,256*256,https://github.com/ieee8023/covid-chestxray-dataset
COVID 981,PNG,256*256,https://github.com/ieee8023/covid-chestxray-dataset
COVID 982,PNG,256*256,https://github.com/ieee8023/covid-chestxray-dataset
COVID 983,PNG,256*256,https://github.com/ieee8023/covid-chestxray-dataset
COVID 984,PNG,256*256,https://github.com/ieee8023/covid-chestxray-dataset
COVID 985,PNG,256*256,https://github.com/ieee8023/covid-chestxray-dataset
COVID 986,PNG,256*256,https://github.com/ieee8023/covid-chestxray-dataset
COVID 987,PNG,256*256,https://github.com/ieee8023/covid-chestxray-dataset
COVID 988,PNG,256*256,https://github.com/ieee8023/covid-chestxray-dataset
COVID 989,PNG,256*256,https://github.com/ieee8023/covid-chestxray-dataset
COVID 990,PNG,256*256,https://github.com/ieee8023/covid-chestxray-dataset
COVID 991,PNG,256*256,https://github.com/ieee8023/covid-chestxray-dataset
COVID 992,PNG,256*256,https://github.com/ieee8023/covid-chestxray-dataset
COVID 993,PNG,256*256,https://github.com/ieee8023/covid-chestxray-dataset
COVID 994,PNG,256*256,https://github.com/ieee8023/covid-chestxray-dataset
COVID 995,PNG,256*256,https://github.com/ieee8023/covid-chestxray-dataset
COVID 996,PNG,256*256,https://github.com/ieee8023/covid-chestxray-dataset
COVID 997,PNG,256*256,https://github.com/ieee8023/covid-chestxray-dataset
COVID 998,PNG,256*256,https://github.com/ieee8023/covid-chestxray-dataset
COVID 999,PNG,256*256,https://github.com/ieee8023/covid-chestxray-dataset
COVID 1000,PNG,256*256,https://github.com/ieee8023/covid-chestxray-dataset
COVID 1001,PNG,256*256,https://github.com/ieee8023/covid-chestxray-dataset
COVID 1002,PNG,256*256,https://github.com/ieee8023/covid-chestxray-dataset
COVID 1003,PNG,256*256,https://github.com/ieee8023/covid-chestxray-dataset
COVID 1004,PNG,256*256,https://github.com/ieee8023/covid-chestxray-dataset
COVID 1005,PNG,256*256,https://github.com/ieee8023/covid-chestxray-dataset
COVID 1006,PNG,256*256,https://github.com/ieee8023/covid-chestxray-dataset
COVID 1007,PNG,256*256,https://github.com/ieee8023/covid-chestxray-dataset
COVID 1008,PNG,256*256,https://github.com/ieee8023/covid-chestxray-dataset
COVID 1009,PNG,256*256,https://github.com/ieee8023/covid-chestxray-dataset
COVID 1010,PNG,256*256,https://github.com/ieee8023/covid-chestxray-dataset
COVID 1011,PNG,256*256,https://github.com/ieee8023/covid-chestxray-dataset
COVID 1012,PNG,256*256,https://github.com/ieee8023/covid-chestxray-dataset
COVID 1013,PNG,256*256,https://github.com/ieee8023/covid-chestxray-dataset
COVID 1014,PNG,256*256,https://github.com/ieee8023/covid-chestxray-dataset
COVID 1015,PNG,256*256,https://github.com/ieee8023/covid-chestxray-dataset
COVID 1016,PNG,256*256,https://github.com/ieee8023/covid-chestxray-dataset
COVID 1017,PNG,256*256,https://github.com/ieee8023/covid-chestxray-dataset
COVID 1018,PNG,256*256,https://github.com/ieee8023/covid-chestxray-dataset
COVID 1019,PNG,256*256,https://github.com/ieee8023/covid-chestxray-dataset
COVID 1020,PNG,256*256,https://github.com/ieee8023/covid-chestxray-dataset
COVID 1021,PNG,256*256,https://github.com/ieee8023/covid-chestxray-dataset
COVID 1022,PNG,256*256,https://github.com/ieee8023/covid-chestxray-dataset
COVID 1023,PNG,256*256,https://github.com/ieee8023/covid-chestxray-dataset
COVID 1024,PNG,256*256,https://github.com/ieee8023/covid-chestxray-dataset
COVID 1025,PNG,256*256,https://github.com/ieee8023/covid-chestxray-dataset
COVID 1026,PNG,256*256,https://github.com/ieee8023/covid-chestxray-dataset
COVID 1027,PNG,256*256,https://github.com/ieee8023/covid-chestxray-dataset
COVID 1028,PNG,256*256,https://github.com/ieee8023/covid-chestxray-dataset
COVID 1029,PNG,256*256,https://github.com/ieee8023/covid-chestxray-dataset
COVID 1030,PNG,256*256,https://github.com/ieee8023/covid-chestxray-dataset
COVID 1031,PNG,256*256,https://github.com/ieee8023/covid-chestxray-dataset
COVID 1032,PNG,256*256,https://github.com/ieee8023/covid-chestxray-dataset
COVID 1033,PNG,256*256,https://github.com/ieee8023/covid-chestxray-dataset
COVID 1034,PNG,256*256,https://github.com/ieee8023/covid-chestxray-dataset
COVID 1035,PNG,256*256,https://github.com/ieee8023/covid-chestxray-dataset
COVID 1036,PNG,256*256,https://github.com/ieee8023/covid-chestxray-dataset
COVID 1037,PNG,256*256,https://github.com/ieee8023/covid-chestxray-dataset
COVID 1038,PNG,256*256,https://github.com/ieee8023/covid-chestxray-dataset
COVID 1039,PNG,256*256,https://github.com/ieee8023/covid-chestxray-dataset
COVID 1040,PNG,256*256,https://github.com/ieee8023/covid-chestxray-dataset
COVID 1041,PNG,256*256,https://github.com/ieee8023/covid-chestxray-dataset
COVID 1042,PNG,256*256,https://github.com/ieee8023/covid-chestxray-dataset
COVID 1043,PNG,256*256,https://github.com/ieee8023/covid-chestxray-dataset
COVID 1044,PNG,256*256,https://github.com/ieee8023/covid-chestxray-dataset
COVID 1045,PNG,256*256,https://github.com/ieee8023/covid-chestxray-dataset
COVID 1046,PNG,256*256,https://github.com/ieee8023/covid-chestxray-dataset
COVID 1047,PNG,256*256,https://github.com/ieee8023/covid-chestxray-dataset
COVID 1048,PNG,256*256,https://github.com/ieee8023/covid-chestxray-dataset
COVID 1049,PNG,256*256,https://github.com/ieee8023/covid-chestxray-dataset
COVID 1050,PNG,256*256,https://github.com/ieee8023/covid-chestxray-dataset
COVID 1051,PNG,256*256,https://github.com/ieee8023/covid-chestxray-dataset
COVID 1052,PNG,256*256,https://github.com/ieee8023/covid-chestxray-dataset
COVID 1053,PNG,256*256,https://github.com/ieee8023/covid-chestxray-dataset
COVID 1054,PNG,256*256,https://github.com/ieee8023/covid-chestxray-dataset
COVID 1055,PNG,256*256,https://github.com/ieee8023/covid-chestxray-dataset
COVID 1056,PNG,256*256,https://github.com/ieee8023/covid-chestxray-dataset
COVID 1057,PNG,256*256,https://github.com/ieee8023/covid-chestxray-dataset
COVID 1058,PNG,256*256,https://github.com/ieee8023/covid-chestxray-dataset
COVID 1059,PNG,256*256,https://github.com/ieee8023/covid-chestxray-dataset
COVID 1060,PNG,256*256,https://github.com/ieee8023/covid-chestxray-dataset
COVID 1061,PNG,256*256,https://github.com/ieee8023/covid-chestxray-dataset
COVID 1062,PNG,256*256,https://github.com/ieee8023/covid-chestxray-dataset
COVID 1063,PNG,256*256,https://github.com/ieee8023/covid-chestxray-dataset
COVID 1064,PNG,256*256,https://github.com/ieee8023/covid-chestxray-dataset
COVID 1065,PNG,256*256,https://github.com/ieee8023/covid-chestxray-dataset
COVID 1066,PNG,256*256,https://github.com/ieee8023/covid-chestxray-dataset
COVID 1067,PNG,256*256,https://github.com/ieee8023/covid-chestxray-dataset
COVID 1068,PNG,256*256,https://github.com/ieee8023/covid-chestxray-dataset
COVID 1069,PNG,256*256,https://github.com/ieee8023/covid-chestxray-dataset
COVID 1070,PNG,256*256,https://github.com/ieee8023/covid-chestxray-dataset
COVID 1071,PNG,256*256,https://github.com/ieee8023/covid-chestxray-dataset
COVID 1072,PNG,256*256,https://github.com/ieee8023/covid-chestxray-dataset
COVID 1073,PNG,256*256,https://github.com/ieee8023/covid-chestxray-dataset
COVID 1074,PNG,256*256,https://github.com/ieee8023/covid-chestxray-dataset
COVID 1075,PNG,256*256,https://github.com/ieee8023/covid-chestxray-dataset
COVID 1076,PNG,256*256,https://github.com/ieee8023/covid-chestxray-dataset
COVID 1077,PNG,256*256,https://github.com/ieee8023/covid-chestxray-dataset
COVID 1078,PNG,256*256,https://github.com/ieee8023/covid-chestxray-dataset
COVID 1079,PNG,256*256,https://github.com/ieee8023/covid-chestxray-dataset
COVID 1080,PNG,256*256,https://github.com/ieee8023/covid-chestxray-dataset
COVID 1081,PNG,256*256,https://github.com/ieee8023/covid-chestxray-dataset
COVID 1082,PNG,256*256,https://github.com/ieee8023/covid-chestxray-dataset
COVID 1083,PNG,256*256,https://github.com/ieee8023/covid-chestxray-dataset
COVID 1084,PNG,256*256,https://github.com/ieee8023/covid-chestxray-dataset
COVID 1085,PNG,256*256,https://github.com/ieee8023/covid-chestxray-dataset
COVID 1086,PNG,256*256,https://github.com/ieee8023/covid-chestxray-dataset
COVID 1087,PNG,256*256,https://github.com/ieee8023/covid-chestxray-dataset
COVID 1088,PNG,256*256,https://github.com/ieee8023/covid-chestxray-dataset
COVID 1089,PNG,256*256,https://github.com/ieee8023/covid-chestxray-dataset
COVID 1090,PNG,256*256,https://github.com/ieee8023/covid-chestxray-dataset
COVID 1091,PNG,256*256,https://github.com/ieee8023/covid-chestxray-dataset
COVID 1092,PNG,256*256,https://github.com/ieee8023/covid-chestxray-dataset
COVID 1093,PNG,256*256,https://github.com/ieee8023/covid-chestxray-dataset
COVID 1094,PNG,256*256,https://github.com/ieee8023/covid-chestxray-dataset
COVID 1095,PNG,256*256,https://github.com/ieee8023/covid-chestxray-dataset
COVID 1096,PNG,256*256,https://github.com/ieee8023/covid-chestxray-dataset
COVID 1097,PNG,256*256,https://github.com/ieee8023/covid-chestxray-dataset
COVID 1098,PNG,256*256,https://github.com/ieee8023/covid-chestxray-dataset
COVID 1099,PNG,256*256,https://github.com/ieee8023/covid-chestxray-dataset
COVID 1100,PNG,256*256,https://github.com/ieee8023/covid-chestxray-dataset
COVID 1101,PNG,256*256,https://github.com/ieee8023/covid-chestxray-dataset
COVID 1102,PNG,256*256,https://github.com/ieee8023/covid-chestxray-dataset
COVID 1103,PNG,256*256,https://github.com/ieee8023/covid-chestxray-dataset
COVID 1104,PNG,256*256,https://github.com/ieee8023/covid-chestxray-dataset
COVID 1105,PNG,256*256,https://github.com/ieee8023/covid-chestxray-dataset
COVID 1106,PNG,256*256,https://github.com/ieee8023/covid-chestxray-dataset
COVID 1107,PNG,256*256,https://github.com/ieee8023/covid-chestxray-dataset
COVID 1108,PNG,256*256,https://github.com/ieee8023/covid-chestxray-dataset
COVID 1109,PNG,256*256,https://github.com/ieee8023/covid-chestxray-dataset
COVID 1110,PNG,256*256,https://github.com/ieee8023/covid-chestxray-dataset
COVID 1111,PNG,256*256,https://github.com/ieee8023/covid-chestxray-dataset
COVID 1112,PNG,256*256,https://github.com/ieee8023/covid-chestxray-dataset
COVID 1113,PNG,256*256,https://github.com/ieee8023/covid-chestxray-dataset
COVID 1114,PNG,256*256,https://github.com/ieee8023/covid-chestxray-dataset
COVID 1115,PNG,256*256,https://github.com/ieee8023/covid-chestxray-dataset
COVID 1116,PNG,256*256,https://github.com/ieee8023/covid-chestxray-dataset
COVID 1117,PNG,256*256,https://github.com/ieee8023/covid-chestxray-dataset
COVID 1118,PNG,256*256,https://github.com/ieee8023/covid-chestxray-dataset
COVID 1119,PNG,256*256,https://github.com/ieee8023/covid-chestxray-dataset
COVID 1120,PNG,256*256,https://github.com/ieee8023/covid-chestxray-dataset
COVID 1121,PNG,256*256,https://github.com/ieee8023/covid-chestxray-dataset
COVID 1122,PNG,256*256,https://github.com/ieee8023/covid-chestxray-dataset
COVID 1123,PNG,256*256,https://github.com/ieee8023/covid-chestxray-dataset
COVID 1124,PNG,256*256,https://github.com/ieee8023/covid-chestxray-dataset
COVID 1125,PNG,256*256,https://github.com/ieee8023/covid-chestxray-dataset
COVID 1126,PNG,256*256,https://github.com/ieee8023/covid-chestxray-dataset
COVID 1127,PNG,256*256,https://github.com/ieee8023/covid-chestxray-dataset
COVID 1128,PNG,256*256,https://github.com/ieee8023/covid-chestxray-dataset
COVID 1129,PNG,256*256,https://github.com/ieee8023/covid-chestxray-dataset
COVID 1130,PNG,256*256,https://github.com/ieee8023/covid-chestxray-dataset
COVID 1131,PNG,256*256,https://github.com/ieee8023/covid-chestxray-dataset
COVID 1132,PNG,256*256,https://github.com/ieee8023/covid-chestxray-dataset
COVID 1133,PNG,256*256,https://github.com/ieee8023/covid-chestxray-dataset
COVID 1134,PNG,256*256,https://github.com/ieee8023/covid-chestxray-dataset
COVID 1135,PNG,256*256,https://github.com/ieee8023/covid-chestxray-dataset
COVID 1136,PNG,256*256,https://github.com/ieee8023/covid-chestxray-dataset
COVID 1137,PNG,256*256,https://github.com/ieee8023/covid-chestxray-dataset
COVID 1138,PNG,256*256,https://github.com/ieee8023/covid-chestxray-dataset
COVID 1139,PNG,256*256,https://github.com/ieee8023/covid-chestxray-dataset
COVID 1140,PNG,256*256,https://github.com/ieee8023/covid-chestxray-dataset
COVID 1141,PNG,256*256,https://github.com/ieee8023/covid-chestxray-dataset
COVID 1142,PNG,256*256,https://github.com/ieee8023/covid-chestxray-dataset
COVID 1143,PNG,256*256,https://github.com/ieee8023/covid-chestxray-dataset
COVID 1144,PNG,256*256,https://github.com/ieee8023/covid-chestxray-dataset
COVID 1145,PNG,256*256,https://github.com/ieee8023/covid-chestxray-dataset
COVID 1146,PNG,256*256,https://github.com/ieee8023/covid-chestxray-dataset
COVID 1147,PNG,256*256,https://github.com/ieee8023/covid-chestxray-dataset
COVID 1148,PNG,256*256,https://github.com/ieee8023/covid-chestxray-dataset
COVID 1149,PNG,256*256,https://github.com/ieee8023/covid-chestxray-dataset
COVID 1150,PNG,256*256,https://github.com/ieee8023/covid-chestxray-dataset
COVID 1151,PNG,256*256,https://github.com/ieee8023/covid-chestxray-dataset
COVID 1152,PNG,256*256,https://github.com/ieee8023/covid-chestxray-dataset
COVID 1153,PNG,256*256,https://github.com/ieee8023/covid-chestxray-dataset
COVID 1154,PNG,256*256,https://github.com/ieee8023/covid-chestxray-dataset
COVID 1155,PNG,256*256,https://github.com/ieee8023/covid-chestxray-dataset
COVID 1156,PNG,256*256,https://github.com/ieee8023/covid-chestxray-dataset
COVID 1157,PNG,256*256,https://github.com/ieee8023/covid-chestxray-dataset
COVID 1158,PNG,256*256,https://github.com/ieee8023/covid-chestxray-dataset
COVID 1159,PNG,256*256,https://github.com/ieee8023/covid-chestxray-dataset
COVID 1160,PNG,256*256,https://github.com/ieee8023/covid-chestxray-dataset
COVID 1161,PNG,256*256,https://github.com/ieee8023/covid-chestxray-dataset
COVID 1162,PNG,256*256,https://github.com/ieee8023/covid-chestxray-dataset
COVID 1163,PNG,256*256,https://github.com/ieee8023/covid-chestxray-dataset
COVID 1164,PNG,256*256,https://github.com/ieee8023/covid-chestxray-dataset
COVID 1165,PNG,256*256,https://github.com/ieee8023/covid-chestxray-dataset
COVID 1166,PNG,256*256,https://github.com/ieee8023/covid-chestxray-dataset
COVID 1167,PNG,256*256,https://github.com/ieee8023/covid-chestxray-dataset
COVID 1168,PNG,256*256,https://github.com/ieee8023/covid-chestxray-dataset
COVID 1169,PNG,256*256,https://github.com/ieee8023/covid-chestxray-dataset
COVID 1170,PNG,256*256,https://github.com/ieee8023/covid-chestxray-dataset
COVID 1171,PNG,256*256,https://github.com/ieee8023/covid-chestxray-dataset
COVID 1172,PNG,256*256,https://github.com/ieee8023/covid-chestxray-dataset
COVID 1173,PNG,256*256,https://github.com/ieee8023/covid-chestxray-dataset
COVID 1174,PNG,256*256,https://github.com/ieee8023/covid-chestxray-dataset
COVID 1175,PNG,256*256,https://github.com/ieee8023/covid-chestxray-dataset
COVID 1176,PNG,256*256,https://github.com/ieee8023/covid-chestxray-dataset
COVID 1177,PNG,256*256,https://github.com/ieee8023/covid-chestxray-dataset
COVID 1178,PNG,256*256,https://github.com/ieee8023/covid-chestxray-dataset
COVID 1179,PNG,256*256,https://github.com/ieee8023/covid-chestxray-dataset
COVID 1180,PNG,256*256,https://github.com/ieee8023/covid-chestxray-dataset
COVID 1181,PNG,256*256,https://github.com/ieee8023/covid-chestxray-dataset
COVID 1182,PNG,256*256,https://github.com/ieee8023/covid-chestxray-dataset
COVID 1183,PNG,256*256,https://github.com/ieee8023/covid-chestxray-dataset
COVID 1184,PNG,256*256,https://github.com/ieee8023/covid-chestxray-dataset
COVID 1185,PNG,256*256,https://github.com/ieee8023/covid-chestxray-dataset
COVID 1186,PNG,256*256,https://github.com/ieee8023/covid-chestxray-dataset
COVID 1187,PNG,256*256,https://github.com/ieee8023/covid-chestxray-dataset
COVID 1188,PNG,256*256,https://github.com/ieee8023/covid-chestxray-dataset
COVID 1189,PNG,256*256,https://github.com/ieee8023/covid-chestxray-dataset
COVID 1190,PNG,256*256,https://github.com/ieee8023/covid-chestxray-dataset
COVID 1191,PNG,256*256,https://github.com/ieee8023/covid-chestxray-dataset
COVID 1192,PNG,256*256,https://github.com/ieee8023/covid-chestxray-dataset
COVID 1193,PNG,256*256,https://github.com/ieee8023/covid-chestxray-dataset
COVID 1194,PNG,256*256,https://github.com/ieee8023/covid-chestxray-dataset
COVID 1195,PNG,256*256,https://github.com/ieee8023/covid-chestxray-dataset
COVID 1196,PNG,256*256,https://github.com/ieee8023/covid-chestxray-dataset
COVID 1197,PNG,256*256,https://github.com/ieee8023/covid-chestxray-dataset
COVID 1198,PNG,256*256,https://github.com/ieee8023/covid-chestxray-dataset
COVID 1199,PNG,256*256,https://github.com/ieee8023/covid-chestxray-dataset
COVID 1200,PNG,256*256,https://github.com/ieee8023/covid-chestxray-dataset
